<?xml version="1.0" encoding="utf-8"?>
<App xmlns="http://schemas.microsoft.com/sharepoint/2012/app/manifest" 
     Name="praevantion-time-planner-client-side-solution" 
     ProductID="a8f8e8d0-e8a4-4b4b-9b4b-9b4b9b4b9b4b" 
     SharePointMinVersion="16.0.0.0" 
     Version="1.0.0.0">
  <Properties>
    <Title>praevantion-time-planner-client-side-solution</Title>
    <StartPage>~appWebUrl/Lists/aspnetserverapi/AllItems.aspx</StartPage>
  </Properties>
  <AppPrincipal>
    <Internal />
  </AppPrincipal>
</App>