<?xml version="1.0" encoding="utf-8"?>
<App xmlns="http://schemas.microsoft.com/sharepoint/2012/app/manifest" 
     Name="praevantion-time-planner-client-side-solution" 
     ProductID="2d44dabb-53b4-40cb-97d1-b2124750348f" 
     Version="1.0.0.2" 
     SharePointMinVersion="16.0.0.0">
  <Properties>
    <Title>praevantion-time-planner-client-side-solution</Title>
    <StartPage>~appWebUrl/Pages/Default.aspx</StartPage>
  </Properties>
  <AppPrincipal>
    <Internal />
  </AppPrincipal>
  <AppPermissionRequests>
    <AppPermissionRequest Scope="http://sharepoint/content/sitecollection/web" Right="Read" />
  </AppPermissionRequests>
</App>